paper_id,annotation_type,extracted_value,type_mismatch,correct_type,value_correct,value_complete,hallucination,source_evidence,issue_summary,corrected_value
PMC10681723,GeneticModification,Spt16-TAP,False,,True,True,False,"For Spt16-TAP ChIP, IgG beads were incubated with the lysate for 3 h, subsequently washed extensively and ChIP DNA was eluted.",OK,
PMC10681723,GeneticModification,Flag-tagged,False,,True,True,False,Flag-tagged protein purification,OK,
PMC10681723,GeneticModification,GFP-tagged,False,,True,True,False,"To purify GFP-tagged proteins, cells were treated in the same manner as for tandem affinity purification but were bound to homemade GFP nanobody beads.",OK,
PMC10681723,Genotype,isogenic W303-1 background,True,Strain,True,True,False,The budding yeast strains used in this study were in the isogenic W303-1 background and are listed in Supplementary Table S1.,"Type mismatch: this is a yeast strain/background descriptor (W303-1), not a genotype.",W303-1
PMC10681723,MaterialType,cells,False,,True,True,False,"Yeast cells were harvested and resuspended in IP buffer (25 mM Tris pH 8.0, 100 mM NaCl, 1 mM EDTA, 10 mM MgCl2, 0.01% NP-40, 1 mM DTT) containing protease inhibitors ...",OK,
PMC10681723,Organism,S. cerevisiae,False,,True,True,False,Data were mapped to the S. cerevisiae reference genome (sacCer3) using the Bowtie2 software.,OK,
PMC10681723,Organism,Escherichia coli,False,,True,True,False,"The histones were produced by co-expression in the BL21(DE3) CodonPlus RIL strain of Escherichia coli, induced by 0.4 mM IPTG for 3 h at 37°C.",OK,
PMC10681723,Staining,coomassie brilliant blue (CBB) staining,False,,True,True,False,The bound proteins were resolved by SDS-PAGE and visualized by coomassie brilliant blue (CBB) staining.,OK,
PMC10681723,Strain,W303-1,False,,True,True,False,The budding yeast strains used in this study were in the isogenic W303-1 background and are listed in Supplementary Table S1.,OK,
PMC10681723,Strain,BL21(DE3) CodonPlus RIL,False,,True,True,False,"The histones were produced by co-expression in the BL21(DE3) CodonPlus RIL strain of Escherichia coli, induced by 0.4 mM IPTG for 3 h at 37°C.",OK,
PMC10681723,EnrichmentMethod,MISSING,False,,False,False,False,Tandem affinity purification,Not extracted — present in source text,Tandem affinity purification
PMC10681723,Bait,MISSING,False,,False,False,False,"For Spt16-TAP ChIP, IgG beads were incubated with the lysate for 3 h, subsequently washed extensively and ChIP DNA was eluted.",Not extracted — present in source text,Spt16
PMC10681723,Bait,MISSING,False,,False,False,False,"For FACT pull-down, 0.2, 0.4, 0.8 and 1.6 μg wild-type FACT or Spt16-ΔN FACT in 0.8 ml buffer A150 was incubated with the resin for 6 h at 4°C and then washed three times in buffer A150.",Not extracted — present in source text,Spt16-ΔN
PMC10681723,GeneticModification,MISSING,False,,False,False,False,"For FACT pull-down, 0.2, 0.4, 0.8 and 1.6 μg wild-type FACT or Spt16-ΔN FACT in 0.8 ml buffer A150 was incubated with the resin for 6 h at 4°C and then washed three times in buffer A150.",Not extracted — present in source text,Spt16-ΔN
PMC10681723,NumberOfBiologicalReplicates,MISSING,False,,False,False,False,The mean and standard deviation of three biological replicates are shown.,Not extracted — present in source text,three biological replicates
PMC4746666,AcquisitionMethod,A data dependent mass spectrometric method,False,,True,True,False,"A data dependent mass spectrometric method was employed, where the 10 most intense ions, excluding unassigned charge states and singly charged ions, detected in the preceding full scan are isolated (3 Th isolation width) and fragmented using higher energy collisional dissociation (HCD) (normalized collision energy 25).",OK,
PMC4746666,Age,40y,False,,True,True,False,"Details of the BM-MSC donors: 40y/m (StemCell, MSC-001F, lot#BM2893), 39y/m (Lonza, PT2505, lot#1F3422), 27y/m (Lonza, PT2505, lot#318006), 20y/m (Lonza, PT2505, lot#8F3520).",OK,
PMC4746666,Age,39y,False,,True,True,False,"Details of the BM-MSC donors: 40y/m (StemCell, MSC-001F, lot#BM2893), 39y/m (Lonza, PT2505, lot#1F3422), 27y/m (Lonza, PT2505, lot#318006), 20y/m (Lonza, PT2505, lot#8F3520).",OK,
PMC4746666,Age,27y,False,,True,True,False,"Details of the BM-MSC donors: 40y/m (StemCell, MSC-001F, lot#BM2893), 39y/m (Lonza, PT2505, lot#1F3422), 27y/m (Lonza, PT2505, lot#318006), 20y/m (Lonza, PT2505, lot#8F3520).",OK,
PMC4746666,Age,20y,False,,True,True,False,"Details of the BM-MSC donors: 40y/m (StemCell, MSC-001F, lot#BM2893), 39y/m (Lonza, PT2505, lot#1F3422), 27y/m (Lonza, PT2505, lot#318006), 20y/m (Lonza, PT2505, lot#8F3520).",OK,
PMC4746666,AlkylationReagent,iodoacetamide,False,,True,True,False,"After reduction (5 mM DTT, 30 min) and alkylation (10 mM iodoacetamide, 20 min, in the dark), proteins were digested for 3 h by Lys-C (Wako) at a protein:enzyme ratio of 100:1.",OK,
PMC4746666,CellLine,human embryonic stem cell line (hESC) ES04 (WiCell institute),False,,True,True,False,Permission to use the human embryonic stem cell line (hESC) ES04 (WiCell institute) was obtained from the Cornell/Rockefeller/Sloan Kettering tri-institutional ESC research oversight committee.,OK,
PMC4746666,CellPart,cytosolic (CYT),False,,True,True,False,"Subcellular fractionation was performed using the Nuclear Extract Kit (ActiveMotif) resulting in cytosolic (CYT), nuclear (NUC) and chromatin-bound (CH) proteins.",OK,
PMC4746666,CellPart,nuclear (NUC),False,,True,True,False,"Subcellular fractionation was performed using the Nuclear Extract Kit (ActiveMotif) resulting in cytosolic (CYT), nuclear (NUC) and chromatin-bound (CH) proteins.",OK,
PMC4746666,CellPart,chromatin-bound (CH),False,,True,True,False,"Subcellular fractionation was performed using the Nuclear Extract Kit (ActiveMotif) resulting in cytosolic (CYT), nuclear (NUC) and chromatin-bound (CH) proteins.",OK,
PMC4746666,CellType,Mesenchymal stem cells (MSC),False,,True,True,False,"Mesenchymal stem cells (MSC) are multipotent cells with great potential in therapy, reflected by more than 500 MSC-based clinical trials registered with the NIH.",OK,
PMC4746666,CellType,ESC-derived MSC,False,,True,True,False,ESC-derived MSC were generated according to a published protocol.,OK,
PMC4746666,CellType,Bone marrow-derived mesenchymal stem cells,False,,True,True,False,"Bone marrow-derived mesenchymal stem cells (Lonza, StemCell Technologies) were purchased with their mesenchymal characteristics verified.",OK,
PMC4746666,CellType,human embryonic stem cells (hESC),False,,True,True,False,"Here we performed an in depth characterization of human ESC-MSC, comparing them to human bone marrow-derived MSC (BM-MSC) as well as human embryonic stem cells (hESC) by transcriptomics (RNA-seq) and quantitative proteomics (nanoLC-MS/MS using SILAC).",OK,
PMC4746666,CleavageAgent,Lys-C,False,,True,True,False,"After reduction (5 mM DTT, 30 min) and alkylation (10 mM iodoacetamide, 20 min, in the dark), proteins were digested for 3 h by Lys-C (Wako) at a protein:enzyme ratio of 100:1.",OK,
PMC4746666,CleavageAgent,Trypsin/P,False,,True,True,False,"Multiplicity was set to 3 with Arg6/Lys4 and Arg10/Lys8 for medium and heavy labels respectively as required by the triple SILAC approach and the search was conducted using Trypsin/P enzyme specificity, allowing for maximum two missed cleavages, N-terminal acetylation and methionine oxidation as variable modifications and cysteine carbamidomethylation as fixed modification.",OK,
PMC4746666,CollisionEnergy,(normalized collision energy 25),False,,True,True,False,"A data dependent mass spectrometric method was employed, where the 10 most intense ions, excluding unassigned charge states and singly charged ions, detected in the preceding full scan are isolated (3 Th isolation width) and fragmented using higher energy collisional dissociation (HCD) (normalized collision energy 25).",OK,
PMC4746666,FlowRateChromatogram,250 nl/min,False,,True,True,False,Liquid chromatography analysis was performed with a segmented gradient from 10 to 60% mobile phase B over 100 min at a flow rate of 250 nl/min.,OK,
PMC4746666,FractionationMethod,Subcellular fractionation,False,,True,False,False,"Subcellular fractionation was performed using the Nuclear Extract Kit (ActiveMotif) resulting in cytosolic (CYT), nuclear (NUC) and chromatin-bound (CH) proteins.",Incomplete: the specific subcellular fractionation method/kit is stated in the paper but was not captured.,Subcellular fractionation was performed using the Nuclear Extract Kit (ActiveMotif)
PMC4746666,FractionationMethod,"in-solution isoelectric focusing (OFFGEL fractionator, Agilent)",False,,True,True,False,"Peptides (180 μg) were separated by in-solution isoelectric focusing (OFFGEL fractionator, Agilent) into 12 fractions over a pH range of 3–10.",OK,
PMC4746666,FragmentMassTolerance,FTMS MS/MS tolerance 20 ppm,False,,True,True,False,"The following default search parameters were employed: first search mass accuracy tolerance 20 ppm, main search mass accuracy tolerance 4.5 ppm, FTMS MS/MS tolerance 20 ppm, minimum peptide length of 7 amino acids, peptide spectrum match FDR and protein FDR both set to 0.01 as calculated by the revert database approach.",OK,
PMC4746666,FragmentationMethod,higher energy collisional dissociation,False,,True,True,False,"A data dependent mass spectrometric method was employed, where the 10 most intense ions, excluding unassigned charge states and singly charged ions, detected in the preceding full scan are isolated (3 Th isolation width) and fragmented using higher energy collisional dissociation (HCD) (normalized collision energy 25).",OK,
PMC4746666,GradientTime,from 10 to 60% mobile phase B over 100 min,False,,True,True,False,Liquid chromatography analysis was performed with a segmented gradient from 10 to 60% mobile phase B over 100 min at a flow rate of 250 nl/min.,OK,
PMC4746666,Instrument,"Q Exactive mass spectrometer (Thermo Scientific, Bremen, Germany)",False,,True,True,False,"Of the resolubilized peptide solution, 6 10 μl were subsequently analyzed by liquid chromatography (LC) using an EASY nLC-II coupled to a Q Exactive mass spectrometer (Thermo Scientific, Bremen, Germany).",OK,
PMC4746666,Label,SILAC,False,,True,True,False,"Here we performed an in depth characterization of human ESC-MSC, comparing them to human bone marrow-derived MSC (BM-MSC) as well as human embryonic stem cells (hESC) by transcriptomics (RNA-seq) and quantitative proteomics (nanoLC-MS/MS using SILAC).",OK,
PMC4746666,Label,“light” labeling,False,,True,True,False,"SILAC labeling was performed as described. Arginine/lysine-free medium (custom made-mTeSR1 for ESC, DMEM low glucose with dialyzed FBS for MSC) was supplemented either with L-lysine – U-13C615N2 (Lys8) and L-arginine – U-13C615N4 (Arg10) for “heavy” labeling, or with L-lysine – U-13C415N0 (Lys4) and L-arginine – U-13C615N0 (Arg6) for “medium” labeling, or with standard amino acids for “light” labeling at a concentration matching the original medium.",OK,
PMC4746666,Label,L-lysine – U-13C615N2 (Lys8),False,,True,True,False,"SILAC labeling was performed as described. Arginine/lysine-free medium (custom made-mTeSR1 for ESC, DMEM low glucose with dialyzed FBS for MSC) was supplemented either with L-lysine – U-13C615N2 (Lys8) and L-arginine – U-13C615N4 (Arg10) for “heavy” labeling, or with L-lysine – U-13C415N0 (Lys4) and L-arginine – U-13C615N0 (Arg6) for “medium” labeling, or with standard amino acids for “light” labeling at a concentration matching the original medium.",OK,
PMC4746666,Label,L-arginine – U-13C615N4 (Arg10),False,,True,True,False,"SILAC labeling was performed as described. Arginine/lysine-free medium (custom made-mTeSR1 for ESC, DMEM low glucose with dialyzed FBS for MSC) was supplemented either with L-lysine – U-13C615N2 (Lys8) and L-arginine – U-13C615N4 (Arg10) for “heavy” labeling, or with L-lysine – U-13C415N0 (Lys4) and L-arginine – U-13C615N0 (Arg6) for “medium” labeling, or with standard amino acids for “light” labeling at a concentration matching the original medium.",OK,
PMC4746666,Label,L-lysine – U-13C415N0 (Lys4),False,,True,True,False,"SILAC labeling was performed as described. Arginine/lysine-free medium (custom made-mTeSR1 for ESC, DMEM low glucose with dialyzed FBS for MSC) was supplemented either with L-lysine – U-13C615N2 (Lys8) and L-arginine – U-13C615N4 (Arg10) for “heavy” labeling, or with L-lysine – U-13C415N0 (Lys4) and L-arginine – U-13C615N0 (Arg6) for “medium” labeling, or with standard amino acids for “light” labeling at a concentration matching the original medium.",OK,
PMC4746666,Label,L-arginine – U-13C615N0 (Arg6),False,,True,True,False,"SILAC labeling was performed as described. Arginine/lysine-free medium (custom made-mTeSR1 for ESC, DMEM low glucose with dialyzed FBS for MSC) was supplemented either with L-lysine – U-13C615N2 (Lys8) and L-arginine – U-13C615N4 (Arg10) for “heavy” labeling, or with L-lysine – U-13C415N0 (Lys4) and L-arginine – U-13C615N0 (Arg6) for “medium” labeling, or with standard amino acids for “light” labeling at a concentration matching the original medium.",OK,
PMC4746666,MaterialType,cells,False,,True,False,False,All cells were cultured at 37 °C in an atmosphere supplemented to 5% CO2.,Incomplete: 'cells' is too generic; the paper specifies the material is a cell line/cultured cell lines.,human embryonic stem cell line (hESC) ES04 (WiCell institute)
PMC4746666,Modification,N-terminal acetylation,False,,True,True,False,"Multiplicity was set to 3 with Arg6/Lys4 and Arg10/Lys8 for medium and heavy labels respectively as required by the triple SILAC approach and the search was conducted using Trypsin/P enzyme specificity, allowing for maximum two missed cleavages, N-terminal acetylation and methionine oxidation as variable modifications and cysteine carbamidomethylation as fixed modification.",OK,
PMC4746666,Modification,methionine oxidation,False,,True,True,False,"Multiplicity was set to 3 with Arg6/Lys4 and Arg10/Lys8 for medium and heavy labels respectively as required by the triple SILAC approach and the search was conducted using Trypsin/P enzyme specificity, allowing for maximum two missed cleavages, N-terminal acetylation and methionine oxidation as variable modifications and cysteine carbamidomethylation as fixed modification.",OK,
PMC4746666,Modification,cysteine carbamidomethylation,False,,True,True,False,"Multiplicity was set to 3 with Arg6/Lys4 and Arg10/Lys8 for medium and heavy labels respectively as required by the triple SILAC approach and the search was conducted using Trypsin/P enzyme specificity, allowing for maximum two missed cleavages, N-terminal acetylation and methionine oxidation as variable modifications and cysteine carbamidomethylation as fixed modification.",OK,
PMC4746666,NumberOfBiologicalReplicates,3,False,,True,True,False,ESC-MSC used for transcriptomic and proteomic profiling were generated in three independent experiments.,OK,
PMC4746666,NumberOfFractions,12 fractions,False,,True,True,False,"Peptides (180 μg) were separated by in-solution isoelectric focusing (OFFGEL fractionator, Agilent) into 12 fractions over a pH range of 3–10.",OK,
PMC4746666,NumberOfMissedCleavages,maximum two missed cleavages,False,,True,True,False,"Multiplicity was set to 3 with Arg6/Lys4 and Arg10/Lys8 for medium and heavy labels respectively as required by the triple SILAC approach and the search was conducted using Trypsin/P enzyme specificity, allowing for maximum two missed cleavages, N-terminal acetylation and methionine oxidation as variable modifications and cysteine carbamidomethylation as fixed modification.",OK,
PMC4746666,NumberOfTechnicalReplicates,36 MS runs per sample,True,NumberOfFractions,True,True,False,MaxQuant analysis was performed both on the combined (36 MS runs per sample) and separate organelle fractions (12 MS runs per sample).,Type mismatch: 'MS runs per sample' describes number of fractionated LC-MS/MS runs rather than technical replicate injections.,36 MS runs per sample
PMC4746666,NumberOfTechnicalReplicates,12 MS runs per sample,True,NumberOfFractions,True,True,False,MaxQuant analysis was performed both on the combined (36 MS runs per sample) and separate organelle fractions (12 MS runs per sample).,"Type mismatch: 'MS runs per sample' reflects fractionated runs (linked to fractionation), not technical replicate count.",12 MS runs per sample
PMC4746666,Organism,Homo Sapiens,False,,True,True,False,"MS data was analyzed by MaxQuant suite of algorithms version 1.4.1.2 using a Homo Sapiens database downloaded from UniprotKB on the 27th of November 2013 and comprising 88,473 protein isoforms entries.",OK,
PMC4746666,OrganismPart,bone marrow,False,,True,True,False,"Bone marrow-derived mesenchymal stem cells (Lonza, StemCell Technologies) were purchased with their mesenchymal characteristics verified.",OK,
PMC4746666,PrecursorMassTolerance,first search mass accuracy tolerance 20 ppm,False,,True,True,False,"The following default search parameters were employed: first search mass accuracy tolerance 20 ppm, main search mass accuracy tolerance 4.5 ppm, FTMS MS/MS tolerance 20 ppm, minimum peptide length of 7 amino acids, peptide spectrum match FDR and protein FDR both set to 0.01 as calculated by the revert database approach.",OK,
PMC4746666,PrecursorMassTolerance,main search mass accuracy tolerance 4.5 ppm,False,,True,True,False,"The following default search parameters were employed: first search mass accuracy tolerance 20 ppm, main search mass accuracy tolerance 4.5 ppm, FTMS MS/MS tolerance 20 ppm, minimum peptide length of 7 amino acids, peptide spectrum match FDR and protein FDR both set to 0.01 as calculated by the revert database approach.",OK,
PMC4746666,ReductionReagent,DTT,False,,True,True,False,"After reduction (5 mM DTT, 30 min) and alkylation (10 mM iodoacetamide, 20 min, in the dark), proteins were digested for 3 h by Lys-C (Wako) at a protein:enzyme ratio of 100:1.",OK,
PMC4746666,Separation,EASY nLC-II,True,Instrument,True,False,False,"Of the resolubilized peptide solution, 6 10 μl were subsequently analyzed by liquid chromatography (LC) using an EASY nLC-II coupled to a Q Exactive mass spectrometer (Thermo Scientific, Bremen, Germany).","Type mismatch: EASY nLC-II is an LC instrument/system name, not an on-line separation method description.",EASY nLC-II
PMC4746666,Separation,ReproSil-Pur 120 C18-AQ 3 μ m diameter beads,False,,True,True,False,"Emitter columns were packed in-house with ReproSil-Pur 120 C18-AQ 3 μm diameter beads (Dr. Maisch GmbH, Germany).",OK,
PMC4746666,Sex,male,False,,True,True,False,"Since the origin ESC line is male, only male BM-MSC donors were selected.",OK,
PMC4746666,Temperature,37 °C,False,,True,True,False,All cells were cultured at 37 °C in an atmosphere supplemented to 5% CO2.,OK,
PMC4746666,CleavageAgent,MISSING,False,,False,False,False,"Samples were diluted with 10 mM ammonium bicarbonate to 2 M urea prior to overnight trypsin digestion (Sequencing grade, Promega) at a protein:enzyme ratio of 100:1.",Not extracted — present in source text,trypsin
PMC4746666,MaterialType,MISSING,False,,False,False,False,Permission to use the human embryonic stem cell line (hESC) ES04 (WiCell institute) was obtained from the Cornell/Rockefeller/Sloan Kettering tri-institutional ESC research oversight committee.,Not extracted — present in source text,cell line
PMC5535869,AlkylationReagent,IAA,False,,True,True,False,then alkylated with 20 mM IAA for 45 min at room temperature in darkness,OK,
PMC5535869,CleavageAgent,trypsin,False,,True,True,False,and digested with trypsin at 1:50 trypsin: protein mass ratio overnight for the first time and at 1:100 trypsin: protein mass ratio 4 h for the second time.,OK,
PMC5535869,DevelopmentalStage,mature pistils,True,OrganismPart,False,True,False,"Briefly, the mature pistils were manually dissected and collected before the panicles fully headed out.","Type mismatch: this is a tissue/organ (pistil), not a developmental stage; in this context it belongs under OrganismPart.",the mature pistils
PMC5535869,DevelopmentalStage,three DAP,False,,True,True,False,seeds were manually collected with glumes removed at three DAP (around 6 mm in length),OK,
PMC5535869,DevelopmentalStage,seven DAP,False,,True,True,False,and seven DAP (around 10 mm in length).,OK,
PMC5535869,EnrichmentMethod,"incubated with pre-washed antibody beads (PTM Biolabs, Hangzhou, China) by gentle shaking at 4 °C overnight to enrich Kac peptides",False,,True,True,False,"the tryptic peptides were incubated with pre-washed antibody beads (PTM Biolabs, Hangzhou, China) by gentle shaking at 4 °C overnight to enrich Kac peptides.",OK,
PMC5535869,FlowRateChromatogram,300 µL∙min−1,False,,True,True,False,held at 80% for the last 3 min with a constant flow rate of 300 µL∙min−1 on an Easy-nLC1000 UPLC system,OK,
PMC5535869,FragmentMassTolerance,0.02 Da,False,,True,True,False,mass error was set to 10 ppm for precursor ions and 0.02 Da for fragment ions;,OK,
PMC5535869,Instrument,"Q Exactive TM mass spectrometer (Thermo, Waltham, MA, USA)",False,,True,True,False,"Then, full-scan mass spectra identification was analyzed by Q Exactive TM mass spectrometer (Thermo, Waltham, MA, USA)",OK,
PMC5535869,Label,label-free,False,,True,True,False,"We report the first quantitative acetylproteomic study focused on rice early seed development by employing a mass spectral-based (MS-based), label-free approach.",OK,
PMC5535869,MaterialType,tissue,False,,False,True,True,NOT FOUND,"Hallucination: the paper does not explicitly state the material type as ""tissue"" (only describes ""plant materials"", pistils and seeds).",Plant Materials
PMC5535869,Modification,acetylation on Lys protein N-terminal,False,,True,True,False,"oxidation on Met, acetylation on Lys protein N-terminal were specified as variable modifications;",OK,
PMC5535869,Modification,carbamidomethylation on Cys,False,,True,True,False,carbamidomethylation on Cys was specified as fixed modification,OK,
PMC5535869,Modification,oxidation on Met,False,,True,True,False,"oxidation on Met, acetylation on Lys protein N-terminal were specified as variable modifications;",OK,
PMC5535869,NumberOfBiologicalReplicates,3,False,,True,True,False,"The collection and preparation of pistil, three DAP and seven DAP seeds of Nipponbare were performed as described previously with three biological replicates.",OK,
PMC5535869,NumberOfMissedCleavages,4 missing cleavages,False,,True,True,False,Trypsin/P was specified as cleavage enzyme allowing up to 4 missing cleavages,OK,
PMC5535869,Organism,Oryza sativa,False,,True,True,False,The generated raw data was used to search against uniprot_Oryza sativa database,OK,
PMC5535869,OrganismPart,pistil,False,,True,True,False,"The collection and preparation of pistil, three DAP and seven DAP seeds of Nipponbare",OK,
PMC5535869,OrganismPart,seeds,False,,True,True,False,"For the developing seeds, each spikelet was labeled on the day of anthesis, and seeds were manually collected",OK,
PMC5535869,PrecursorMassTolerance,10 ppm,False,,True,True,False,mass error was set to 10 ppm for precursor ions and 0.02 Da for fragment ions;,OK,
PMC5535869,ReductionReagent,DL-Dithiothreitol,False,,True,True,False,"the proteins were sequentially reduced with 10 mM DTT for 1 h at 37 °C, then alkylated with 20 mM IAA",OK,
PMC5535869,Separation,"reversed-phase analytical column (Thermo, Waltham, MA, USA.)",False,,True,True,False,"separated with a reversed-phase analytical column (Thermo, Waltham, MA, USA.).",OK,
PMC5535869,Strain,Nipponbare,False,,True,True,False,"pistil, three DAP and seven DAP seeds of Nipponbare",OK,
PMC5535869,GradientTime,MISSING,False,,False,False,False,"The gradient solvent B, (0.1% FA in 98% ACN) was increased from 6% to 22% for 24 min",Not extracted — present in source text,24 min
PMC5535869,GradientTime,MISSING,False,,False,False,False,22% to 40% for 8 min,Not extracted — present in source text,8 min
PMC5535869,GradientTime,MISSING,False,,False,False,False,"and 80% in 5 min, and then held at 80% for the last 3 min",Not extracted — present in source text,5 min
PMC5535869,GradientTime,MISSING,False,,False,False,False,and then held at 80% for the last 3 min,Not extracted — present in source text,3 min
PMC5830451,AcquisitionMethod,Data-dependent acquisition mode,False,,True,True,False,Data-dependent acquisition mode was used to trigger precursor isolation and sequencing.,OK,
PMC5830451,AlkylationReagent,iodoacetamide (IAA),False,,True,True,False,"DTT and iodoacetamide (IAA) were purchased from Thermo Scientific (St. Louis, MO, USA)",OK,
PMC5830451,CellLine,HeLa cells (ATCC),False,,True,True,False,HeLa cells (ATCC) were grown in Eagle’s minimum essential medium supplemented with 10% fetal bovine serum and 1× penicillin streptomycin.,OK,
PMC5830451,CleavageAgent,Trypsin,False,,True,True,False,"Trypsin (MS grade) and Lys-C (MS grade) were products of Promega (Madison, WI, USA).",OK,
PMC5830451,CleavageAgent,Lys-C,False,,True,True,False,"Trypsin (MS grade) and Lys-C (MS grade) were products of Promega (Madison, WI, USA).",OK,
PMC5830451,CollisionEnergy,collision energy of 28%,False,,True,True,False,Precursor ions with charges of +2 to +7 were isolated with an m/z window of 2 and fragmented by high energy dissociation with a collision energy of 28%.,OK,
PMC5830451,Disease,type 1 diabetic,False,,True,True,False,"Furthermore, we demonstrate quantification of ~2400 proteins from single human pancreatic islet thin sections from type 1 diabetic and control donors",OK,
PMC5830451,Disease,non-diabetic,False,,True,True,False,"To identify differentially expressed proteins between non-diabetic and T1D islets, the dataset was filtered to contain three valid values in at least one group.",OK,
PMC5830451,FlowRateChromatogram,500 nL/min,False,,True,True,False,Sample was loaded and desalted in the SPE precolumn by infusing Buffer A (0.1% formic acid in water) at a flow rate of 500 nL/min for 20 min,OK,
PMC5830451,FlowRateChromatogram,60 nL/min,False,,True,True,False,"The LC separation flow rate was 60 nL/min, which was split from 400 nL/min with a nanoACQUITY UPLC pump",OK,
PMC5830451,FlowRateChromatogram,400 nL/min,False,,True,True,False,"The LC separation flow rate was 60 nL/min, which was split from 400 nL/min with a nanoACQUITY UPLC pump (Waters, Milford, MA, USA).",OK,
PMC5830451,FragmentMassTolerance,"20, 10, and 7 ppm",False,,False,False,False,"The match tolerance, de novo tolerance, and deisotoping tolerance for MS/MS search were 20, 10, and 7 ppm, respectively.","The numbers are present in the text, but this bundles multiple MS/MS-related tolerances and does not cleanly represent a single fragment-ion mass tolerance value for the FragmentMassTolerance field.",match tolerance ... 20 ppm
PMC5830451,FragmentationMethod,high energy dissociation,False,,True,True,False,Precursor ions with charges of +2 to +7 were isolated with an m/z window of 2 and fragmented by high energy dissociation with a collision energy of 28%.,OK,
PMC5830451,GradientTime,A linear 150-min gradient,False,,True,True,False,A linear 150-min gradient of 5–28% Buffer B (0.1% formic acid in acetonitrile) was used for separation.,OK,
PMC5830451,GradientTime,20 min,False,,True,True,False,"The LC column was washed by ramping Buffer B to 80% in 20 min, and finally re-equilibrated with Buffer A for another 20 min.",OK,
PMC5830451,Instrument,Orbitrap Fusion Lumos Tribrid MS (ThermoFisher),False,,True,True,False,An Orbitrap Fusion Lumos Tribrid MS (ThermoFisher) was employed for all data collection.,OK,
PMC5830451,IonizationType,Electrospray,False,,True,True,False,Electrospray voltage of 1.9 kV was applied at the source.,OK,
PMC5830451,Label,LFQ,False,,True,True,False,LFQ calculations were performed separately in each parameter group containing similar cell loading.,OK,
PMC5830451,MaterialType,cell line,False,,True,True,False,"Cell culture

All cells were cultured at 37 °C and 5% CO2 and split every 3 days following standard protocol. HeLa cells (ATCC) were grown in Eagle’s minimum essential medium",OK,
PMC5830451,MaterialType,tissue,False,,True,True,False,Ten-micrometer-thick pancreatic tissue slices from pancreata recovered from organ donors ... were cut from OCT (optimal cutting temperature compound) blocks,OK,
PMC5830451,Modification,N-terminal protein acetylation,False,,True,True,False,N-terminal protein acetylation and methionine oxidation were selected as variable modifications.,OK,
PMC5830451,Modification,methionine oxidation,False,,True,True,False,N-terminal protein acetylation and methionine oxidation were selected as variable modifications.,OK,
PMC5830451,Modification,Carbamidomethylation of cysteine residues,False,,True,True,False,Carbamidomethylation of cysteine residues was set as a fixed modification.,OK,
PMC5830451,NumberOfMissedCleavages,2,False,,True,True,False,The allowed missed cleavages for each peptide was 2.,OK,
PMC5830451,Organism,human,False,,True,True,False,MS/MS spectra were searched against the UniProtKB/Swiss-Prot human database,OK,
PMC5830451,OrganismPart,human pancreatic islet thin sections,False,,True,True,False,"Furthermore, we demonstrate quantification of ~2400 proteins from single human pancreatic islet thin sections",OK,
PMC5830451,PrecursorMassTolerance,4.5 ppm,False,,True,True,False,"The peptide mass tolerances of the first search and main search (recalibrated) were <20 and 4.5 ppm, respectively.",OK,
PMC5830451,ReductionReagent,DTT,False,,True,True,False,"DTT and iodoacetamide (IAA) were purchased from Thermo Scientific (St. Louis, MO, USA)",OK,
PMC5830451,Separation,SPE-LC-MS,False,,False,False,False,SPE-LC-MS setup,"""SPE-LC-MS"" is a section heading/overall setup name, not a specific on-line LC separation method as required for Separation.","The SPE precolumn and LC column were slurry-packed with 3-µm C18 packing material (300-Å pore size, Phenomenex, Torrance, CA, USA)."
PMC5830451,Separation,slurry-packed with 3-μm C18 packing,False,,True,True,False,"The SPE precolumn and LC column were slurry-packed with 3-µm C18 packing material (300-Å pore size, Phenomenex, Torrance, CA, USA).",OK,
PMC5830451,Specimen,OCT (optimal cutting temperature compound) blocks,True,,False,False,False,Ten-micrometer-thick pancreatic tissue slices from pancreata recovered from organ donors through the JDRF Network for Pancreatic Organ Donors with Diabetes (nPOD) program were cut from OCT (optimal cutting temperature compound) blocks using a cryo-microtome,"OCT blocks are an embedding medium/material context, not a biological specimen type; using this as Specimen is incorrect.",Ten-micrometer-thick pancreatic tissue slices
PMC5830451,Temperature,37 °C,False,,True,True,False,All cells were cultured at 37 °C and 5% CO2 and split every 3 days following standard protocol.,OK,
PMC5830451,PrecursorMassTolerance,MISSING,False,,False,False,False,"The peptide mass tolerances of the first search and main search (recalibrated) were <20 and 4.5 ppm, respectively.",Not extracted — present in source text,<20 ppm
PMC5830451,PrecursorMassTolerance,MISSING,False,,False,False,False,"To minimize repeated sequencing, dynamic exclusion with duration of 90 s and mass tolerance of ±10 ppm was utilized.",Not extracted — present in source text,±10 ppm
PMC5830451,MS2MassAnalyzer,MISSING,False,,False,False,False,MS/MS scans were performed in the Orbitrap.,Not extracted — present in source text,Orbitrap
PMC6918071,CleavageAgent,tryptic digest,False,,True,True,False,"Tryptic peptides were generated following the FASP protocol of Wiśniewski et al., with minor modifications as described by Hamann et al..",OK,
PMC6918071,Depletion,S-depleted,False,,True,True,False,"As trophosome color is directly correlated to the tissue’s elemental sulfur content, we classified specimens as sulfur rich (S rich), S depleted, and medium S according to their trophosome color (yellow/light green, dark green/black, or medium green, respectively).",OK,
PMC6918071,GradientTime,4-h gradients,False,,True,True,False,"All samples were analyzed by one-dimensional LC-MS/MS as described by Hinzke et al., using 4-h gradients.",OK,
PMC6918071,MaterialType,tissue,False,,True,True,False,"Riftia specimens were dissected onboard, and samples from four different organs (here referred to as tissues) were stored at –80°C",OK,
PMC6918071,NumberOfBiologicalReplicates,3,False,,True,True,False,"For metaproteomics analysis, we used three biological replicates per tissue (trophosome, vestimentum, and plume) and condition (specimens with S-rich and S-depleted trophosomes), which resulted in a total of 18 samples.",OK,
PMC6918071,NumberOfSamples,18 samples,False,,True,True,False,"For metaproteomics analysis, we used three biological replicates per tissue (trophosome, vestimentum, and plume) and condition (specimens with S-rich and S-depleted trophosomes), which resulted in a total of 18 samples.",OK,
PMC6918071,NumberOfTechnicalReplicates,technical triplicates,False,,True,True,False,Samples were analyzed in a randomized block design and run in technical triplicates.,OK,
PMC6918071,Organism,Riftia pachyptila,False,,True,True,False,"Therefore, we studied the deep-sea Riftia pachyptila symbiosis, a model association in which the tubeworm host is associated with only one phylotype of endosymbiotic bacteria",OK,
PMC6918071,OrganismPart,trophosome,False,,True,True,False,"For metaproteomics analysis, we used three biological replicates per tissue (trophosome, vestimentum, and plume)",OK,
PMC6918071,OrganismPart,vestimentum,False,,True,True,False,"For metaproteomics analysis, we used three biological replicates per tissue (trophosome, vestimentum, and plume)",OK,
PMC6918071,OrganismPart,plume,False,,True,True,False,"For metaproteomics analysis, we used three biological replicates per tissue (trophosome, vestimentum, and plume)",OK,
PMC6918071,ReductionReagent,dithiothreitol,False,,True,True,False,"Tissues were disrupted by bead beating for 45 s at 6.0 m/s with lysing matrix D tubes (MP Biomedicals) in SDT buffer (4% [wt/vol] sodium dodecyl sulfate [SDS], 100 mM Tris-HCl, pH 7.6, 0.1 M dithiothreitol [DTT])",OK,
PMC6918071,Separation,one-dimensional LC-MS/MS,False,,True,True,False,"All samples were analyzed by one-dimensional LC-MS/MS as described by Hinzke et al., using 4-h gradients.",OK,
PMC6918071,NumberOfTechnicalReplicates,MISSING,False,,False,False,False,"Two technical replicate runs were acquired with a 50-cm analytical column, one with a 75-cm analytical column.",Not extracted — present in source text,Two
PMC6918071,OrganismPart,MISSING,False,,False,False,False,the lamellae of the tentacular crown were shaved off to provide plume samples,Not extracted — present in source text,tentacular crown
PMC6918071,OrganismPart,MISSING,False,,False,False,False,the lamellae of the tentacular crown were shaved off to provide plume samples,Not extracted — present in source text,lamellae
PMC6918071,OrganismPart,MISSING,False,,False,False,False,body wall samples were retrieved and washed after removal of the trophosome,Not extracted — present in source text,body wall
PMC6918071,OrganismPart,MISSING,False,,False,False,False,vestimental samples were cut off from the lateral portions of the vestimentum.,Not extracted — present in source text,lateral portions of the vestimentum
PMC7144211,AcquisitionMethod,data dependent acquisition,False,,True,True,False,"Full MS scan over the mass-to-charge (m/z) range of 300–1750 with a resolution of 120,000, followed by data dependent acquisition with an isolation window of 2.0 m/z and a dynamic exclusion time of 30 s was performed.",OK,
PMC7144211,AlkylationReagent,iodoacetamide,False,,True,True,False,"Proteins were alkylated by addition of 100 μL IAA solution (0.05 M iodoacetamide in UA buffer) and incubated for 30 min at room temperature, followed by centrifugation.",OK,
PMC7144211,AnatomicSiteTumor,resected prostate cancer tissue specimens,True,OrganismPart,True,True,False,Resected prostate cancer tissue specimens were transported in PBS buffer and processed within 2 h of surgery.,"Type mismatch: this is a tissue specimen (organism part), not an anatomical tumor location.",Resected prostate cancer tissue specimens
PMC7144211,CellPart,urinary EV (uEV),True,Specimen,True,True,False,Mass spectrometry-based proteomic analysis of urinary EV (uEV) in men with benign and malignant prostate disease allowed us to significantly expand the known human uEV proteome,"Type mismatch: urinary extracellular vesicles are a specimen/material, not a subcellular compartment/fraction (CellPart).",urinary EV (uEV)
PMC7144211,CellPart,extracellular vesicles (EV),True,Specimen,True,True,False,Extracellular vesicles (EV) are increasingly being recognized as important vehicles of intercellular communication and promising diagnostic and prognostic biomarkers in cancer.,"Type mismatch: extracellular vesicles are a specimen/material, not a subcellular compartment (CellPart).",Extracellular vesicles (EV)
PMC7144211,CellPart,EV separated from prostate tumour conditioned medium,True,Specimen,True,True,False,"In addition, profiling the proteome of EV separated from prostate tumour conditioned medium and matched uEV confirms the specificity of the identified uEV proteome for prostate cancer.","Type mismatch: EV from conditioned medium is a specimen, not a subcellular compartment (CellPart).",EV separated from prostate tumour conditioned medium
PMC7144211,CleavageAgent,Trypsin/Lys-C mix,False,,True,True,False,"Filter units were transferred to new collection tubes and proteins were resuspended in 40 µL DB with Trypsin/Lys-C mix (Promega, Madison, WI, USA) for overnight proteolytic digestion at 37°C.",OK,
PMC7144211,CollisionEnergy,normalized collision energy of 27%,False,,True,True,False,"The top 12 ions were fragmented by higher energy collisional dissociation (HCD) with a normalized collision energy of 27% and scanned over the m/z range of 200–2000 with a resolution of 15,000.",OK,
PMC7144211,Disease,prostate cancer,False,,True,True,False,Matched urine samples were collected from prostate cancer patients prior to (n = 12) and 3 months after local treatment,OK,
PMC7144211,Disease,benign prostate hyperplasia,False,,True,True,False,"In addition, urine samples from healthy controls with BPH (n = 12)",OK (wording differs slightly from 'benign prostatic hyperplasia' but refers to the same BPH condition).,
PMC7144211,Disease,urothelial cancer of the bladder,False,,True,True,False,patients diagnosed with urothelial cancer of the bladder (UCC; n = 5),OK,
PMC7144211,Disease,renal cell carcinoma,False,,True,True,False,patients diagnosed with urothelial cancer of the bladder (UCC; n = 5) or renal cell carcinoma (RCC; n = 6),OK,
PMC7144211,treatment,radical prostatectomy,False,,True,True,False,Matched urine samples were collected from prostate cancer patients prior to (n = 12) and 3 months after local treatment by radical prostatectomy or intensity-modulated radiation therapy (n = 10).,OK,
PMC7144211,treatment,intensity-modulated radiation therapy,False,,True,True,False,Matched urine samples were collected from prostate cancer patients prior to (n = 12) and 3 months after local treatment by radical prostatectomy or intensity-modulated radiation therapy (n = 10).,OK,
PMC7144211,FractionIdentifier,fractions 4–7,False,,True,True,False,"After adding ODG fractions 9–10, individual fractions of 1 mL eluate were collected. EV-containing fractions 4–7 were pooled",OK,
PMC7144211,FractionationMethod,Urine fractionation by bottom-up Optiprep density gradient centrifugation,False,,True,True,False,Urine fractionation by bottom-up Optiprep density gradient centrifugation,OK,
PMC7144211,FractionationMethod,size exclusion chromatography (SEC)-based separation of EV from iodixanol,False,,True,True,False,"For mass spectrometry-based proteomic experiments, pooled EV-rich fractions 9–10... were used for subsequent size exclusion chromatography (SEC)-based separation of EV from iodixanol",OK,
PMC7144211,FractionationMethod,A combination of SEC and top-down ODG,False,,True,True,False,A combination of SEC and top-down ODG was used to separate EV from TCM.,OK,
PMC7144211,FragmentationMethod,higher energy collisional dissociation (HCD),False,,True,True,False,The top 12 ions were fragmented by higher energy collisional dissociation (HCD),OK,
PMC7144211,GradientTime,a 50-min gradient from 8% to 35% of solvent B,False,,True,True,False,The peptides were separated with a 50-min gradient from 8% to 35% of solvent B.,OK,
PMC7144211,Instrument,Q Exactive HF Hybrid Quadrupole-Orbitrap Mass Spectrometer (Thermo Fisher Scientific),False,,True,True,False,analysed by LC-MS/MS... coupled to a Q Exactive HF Hybrid Quadrupole-Orbitrap Mass Spectrometer (Thermo Fisher Scientific),OK,
PMC7144211,IonizationType,nano‐electrospray ionization,False,,True,True,False,Q Exactive HF Hybrid Quadrupole-Orbitrap Mass Spectrometer (Thermo Fisher Scientific) equipped with a nano‐electrospray ionization source.,OK,
PMC7144211,Label,Label-free quantification (LFQ),False,,True,True,False,Label-free quantification (LFQ) was performed using the MaxLFQ algorithm integrated into the MaxQuant software.,OK,
PMC7144211,MaterialType,biofluid,False,,True,True,False,"Despite this enormous clinical potential, the plethora of methods to separate EV from biofluids",OK,
PMC7144211,MaterialType,tissue,False,,True,True,False,Resected prostate cancer tissue specimens were transported in PBS buffer and processed within 2 h of surgery.,OK,
PMC7144211,Modification,Carbamidomethyl (C),False,,True,True,False,"Carbamidomethyl (C), as a fixed modification, and oxidation (M) and acetylation of the protein N-terminus as dynamic modifications were included.",OK,
PMC7144211,Modification,oxidation (M),False,,True,True,False,"Carbamidomethyl (C), as a fixed modification, and oxidation (M) and acetylation of the protein N-terminus as dynamic modifications were included.",OK,
PMC7144211,Modification,acetylation of the protein N-terminus,False,,True,True,False,"Carbamidomethyl (C), as a fixed modification, and oxidation (M) and acetylation of the protein N-terminus as dynamic modifications were included.",OK,
PMC7144211,NumberOfMissedCleavages,two,False,,True,True,False,A maximum of two missed cleavages was allowed.,OK,
PMC7144211,NumberOfTechnicalReplicates,Three,False,,True,True,False,Three repeated runs per sample were performed.,OK,
PMC7144211,Organism,homo sapiens,False,,True,True,False,Tandem mass spectra were searched using the MaxQuant software (version 1.5.2.8) against a database containing both reviewed (SwissProt) and unreviewed (TrEMBL) sequences of homo sapiens,OK,
PMC7144211,OrganismPart,urine,False,,True,True,False,Matched urine samples were collected from prostate cancer patients,OK,
PMC7144211,OrganismPart,prostate cancer tissue specimens,False,,True,True,False,Resected prostate cancer tissue specimens were transported in PBS buffer and processed within 2 h of surgery.,OK,
PMC7144211,ReductionReagent,dithiothreitol,False,,True,True,False,"Lysates were prepared by mixing samples with SDT-lysis buffer (2% SDS, 500 mM Tris-HCL (pH 7.6), 0.5 M DTT)",OK,
PMC7144211,SamplingTime,3 months after local treatment by radical prostatectomy or intensity-modulated radiation therapy,False,,True,True,False,Matched urine samples were collected from prostate cancer patients prior to (n = 12) and 3 months after local treatment by radical prostatectomy or intensity-modulated radiation therapy (n = 10).,OK,
PMC7144211,Separation,"nanoflow HPLC system (Easy-nLC1000, Thermo Fisher Scientific) coupled to a Q Exactive HF Hybrid Quadrupole-Orbitrap Mass Spectrometer (Thermo Fisher Scientific)",False,,True,True,False,"Equal amounts of peptides of each sample (500 ng) were loaded on a nanoflow HPLC system (Easy-nLC1000, Thermo Fisher Scientific) coupled to a Q Exactive HF Hybrid Quadrupole-Orbitrap Mass Spectrometer (Thermo Fisher Scientific)","OK (although it includes the MS instrument, the phrase is present verbatim and identifies the LC setup used for online separation).",
PMC7144211,Sex,men,False,,True,True,False,Mass spectrometry-based proteomic analysis of urinary EV (uEV) in men with benign and malignant prostate disease,OK,
PMC7144211,TumorSite,prostate tumour,False,,True,True,False,profiling the proteome of EV separated from prostate tumour conditioned medium,OK,
PMC7144211,Time,MISSING,False,,False,False,False,Matched urine samples were collected from prostate cancer patients prior to (n = 12) and 3 months after local treatment by radical prostatectomy or intensity-modulated radiation therapy (n = 10).,Not extracted — present in source text,3 months
PMC7144211,GradientTime,MISSING,False,,False,False,False,"Before the end of the run, the percentage of solvent B was raised to 100% in 5 min and kept there for 5 min.",Not extracted — present in source text,5 min
PMC7144211,FractionIdentifier,MISSING,False,,False,False,False,"For mass spectrometry-based proteomic experiments, pooled EV-rich fractions 9–10, corresponding to a density of 1.087–1.109 g/mL were used for subsequent size exclusion chromatography (SEC)-based separation of EV from iodixanol",Not extracted — present in source text,EV-rich fractions 9–10
PMC7144211,FractionationMethod,MISSING,False,,False,False,False,Urinary EV separation by differential ultracentrifugation,Not extracted — present in source text,Urinary EV separation by differential ultracentrifugation
PMC7144211,FractionationMethod,MISSING,False,,False,False,False,Urinary EV separation by Exoquick precipitation,Not extracted — present in source text,Urinary EV separation by Exoquick precipitation
PMC7294662,AcquisitionMethod,data-dependent auto-MS/MS mode,False,,True,True,False,The Impact II was set to acquire in a data-dependent auto-MS/MS mode with inactive focus fragmenting the 20 most abundant ions,OK,
PMC7294662,AlkylationReagent,iodoacetamide,False,,True,True,False,Samples were reduced and alkylated by adding 6 μg of DTT and 15 μg of iodoacetamide,OK,
PMC7294662,CellLine,HeLa,False,,True,True,False,HeLa cells were cultured in Dulbecco’s modified Eagle’s medium (DMEM),OK,
PMC7294662,CellPart,Pelleted ribosomes,False,,True,True,False,Pelleted ribosomes were resuspended in RIPA buffer,OK,
PMC7294662,CleavageAgent,LysC,False,,True,True,False,Three micrograms of LysC was added to each sample and incubated for 3 h at room temperature.,OK,
PMC7294662,CleavageAgent,trypsin,False,,True,True,False,"Subsequently, samples were diluted with 4 volumes of Digestion Buffer (50 mM NH4HCO3) and trypsin (Promega) was added at a ratio of 1:50.",OK,
PMC7294662,CollisionEnergy,NCE 28,False,,True,True,False,"and to fragment the top ten multiply charged ions above 5% underfill ratio by HCD (resolution 17,500, AGC target 1E5, maximum injection time 60 ms, NCE 28)",OK,
PMC7294662,CollisionEnergy,collision energy ranged from 23 to 65 eV,False,,True,True,False,and the collision energy ranged from 23 to 65 eV depending on ion mass and charge.,OK,
PMC7294662,CollisionEnergy,collision energy was 42.0 eV,False,,True,True,False,collision energy was 42.0 eV.,OK,
PMC7294662,Compound,human recombinant IFNβ 1000 U/mL,False,,True,True,False,stimulated with 1000 U/mL of human recombinant IFNβ (R&D Systems),"OK (contains both compound name and dose, but still faithful to the source)",
PMC7294662,EnrichmentMethod,purified using homemade Stop-and-go-extraction tips (StageTips) composed of C18 Empore material (3 M) packed in to 200 μL pipette tips,False,,True,True,False,purified using homemade Stop-and-go-extraction tips (StageTips) composed of C18 Empore material (3 M) packed in to 200 μL pipette tips.,OK,
PMC7294662,FlowRateChromatogram,flow rate of 50 μL/min,False,,True,True,False,"fractionation on an Agilent 1100 HPLC system with an Agilent Zorbax Extend column (1.0 × 50 mm, 3.5 μm particles, flow rate of 50 μL/min).",OK,
PMC7294662,FlowRateChromatogram,a flow rate of 0.5 mL/min,False,,True,True,False,Samples were collected into 80 fractions by a 1200 Series analytical HPLC (Agilent Technologies) at a flow rate of 0.5 mL/min at 8 °C.,OK,
PMC7294662,FlowRateChromatogram,0.25 μL/min flow rate,False,,True,True,False,and the analysis was performed at 0.25 μL/min flow rate.,OK,
PMC7294662,FlowRateChromatogram,0.35 μL/min flow rate,False,,True,True,False,and the analysis was performed at 0.35 μL/min flow rate.,OK,
PMC7294662,FractionIdentifier,fractions 6–65,False,,True,True,False,"only fractions 6–65, corresponding to molecular weights ~ 2 mDa–65 kDa",OK,
PMC7294662,FractionationMethod,loaded onto a linear 10–50% sucrose gradient,False,,True,True,False,equal amounts of RNA (500 μg) were loaded onto a linear 10–50% sucrose gradient made in Polysome Lysis Buffer.,OK,
PMC7294662,FractionationMethod,high pH reverse-phase (RP) fractionation on an Agilent 1100 HPLC system,False,,True,True,False,subjected to high pH reverse-phase (RP) fractionation on an Agilent 1100 HPLC system,OK,
PMC7294662,FractionationMethod,size exclusion chromatography (SEC),False,,True,True,False,Cell lysis and size exclusion chromatography were performed as previously described,OK,
PMC7294662,FragmentMassTolerance,"fragment mass accuracy, 0.05 Da",False,,True,True,False,"fragment mass accuracy, 0.05 Da",OK,
PMC7294662,FragmentationMethod,HCD,False,,True,True,False,to fragment the top ten multiply charged ions above 5% underfill ratio by HCD,OK,
PMC7294662,GradientTime,over 180 min,False,,True,True,False,The analysis was performed at 250 nL/min over 180 min with a gradient from 0 to 40% buffer B over 180 min,OK,
PMC7294662,GradientTime,Standard 90-min gradients,False,,True,True,False,"Standard 90-min gradients were from 0% B to 35% B over 90 min, then to 100% B over 2 min, held at 100% B for 15 min.",OK,
PMC7294662,GradientTime,from 5% B to 15% B over 60 min,False,,True,True,False,"The gradient was from 5% B to 15% B over 60 min, then to 37% B from 60 to 120 min",OK,
PMC7294662,Instrument,Q-Exactive mass spectrometer (Thermo Fisher),False,,True,True,False,Purified peptides were analyzed using an Easy nano LC 1000 nanoflow HPLC (Thermo Fisher) on-line coupled to a Q-Exactive mass spectrometer (Thermo Fisher).,OK,
PMC7294662,Instrument,Impact II; Bruker Daltonics,False,,True,True,False,Purified peptides were analyzed using a quadrupole time of flight mass spectrometer (Impact II; Bruker Daltonics),OK,
PMC7294662,Instrument,timsTOF Pro; Bruker Daltonics,False,,True,True,False,Purified peptides were analyzed using a timsTOF trapped ion mobility quadrupole time of flight mass spectrometer (timsTOF Pro; Bruker Daltonics),OK,
PMC7294662,IonizationType,Captive spray nanospray ionization source (Bruker Daltonics),False,,True,True,False,using a Captive spray nanospray ionization source (Bruker Daltonics),OK,
PMC7294662,Label,SILAC,False,,True,True,False,SILAC labeling and shotgun mass spectrometry,OK,
PMC7294662,Label,label-free quantitation (LFQ),False,,True,True,False,"For immunoprecipitation experiments, label-free quantitation (LFQ) was enabled",OK,
PMC7294662,MaterialType,cell line,False,,True,True,False,HeLa cells were cultured... THP-1 cells were cultured...,OK (implied by use of HeLa and THP-1 cells),
PMC7294662,Modification,carbamidomethyl,False,,True,True,False,"fixed modifications, carbamidomethyl;",OK,
PMC7294662,Modification,methionine oxidation,False,,True,True,False,"variable modifications, methionine oxidation",OK,
PMC7294662,Modification,deamidation (NQ),False,,True,True,False,"variable modifications, methionine oxidation, deamidation (NQ), and N-acetylation (protein N-terminus)",OK,
PMC7294662,Modification,N-acetylation (protein N-terminus),False,,True,True,False,"variable modifications, methionine oxidation, deamidation (NQ), and N-acetylation (protein N-terminus)",OK,
PMC7294662,NumberOfBiologicalReplicates,3,False,,True,True,False,Autocorrelations were calculated ... and aggregated across all three replicates using Stouffer’s method.,OK,
PMC7294662,NumberOfFractions,80 fractions,False,,True,True,False,Samples were collected into 80 fractions,OK,
PMC7294662,Organism,Homo sapiens,False,,True,True,False,The data were searched against the Homo sapiens UniProt database.,OK,
PMC7294662,PooledSample,pooled,False,,True,False,False,Cells of the same SILAC label were pooled and resuspended in 3 mL of ice-cold size-exclusion chromatography (SEC) buffer,Value is too generic; the text specifies what was pooled (cells of the same SILAC label).,Cells of the same SILAC label were pooled
PMC7294662,PrecursorMassTolerance,"peptide mass accuracy, 20 ppm (ppm) for first search, 10 ppm for second search",False,,True,True,False,"peptide mass accuracy, 20 ppm (ppm) for first search, 10 ppm for second search",OK,
PMC7294662,ReductionReagent,DTT,False,,True,True,False,Samples were reduced and alkylated by adding 6 μg of DTT,OK,
PMC7294662,Separation,Easy nano LC 1000 nanoflow HPLC (Thermo Fisher) on-line coupled to a Q-Exactive mass spectrometer (Thermo Fisher),False,,True,True,False,Purified peptides were analyzed using an Easy nano LC 1000 nanoflow HPLC (Thermo Fisher) on-line coupled to a Q-Exactive mass spectrometer (Thermo Fisher).,OK (though it includes instrument coupling detail beyond the separation itself),
PMC7294662,SpikedCompound,light reference mixture,True,PooledSample,True,True,False,"To generate the light reference mixture, fractions 6–65 were pooled and spiked equally into each of the corresponding medium/heavy fractions",Type mismatch: this is an internal pooled reference mixture (spike-in) rather than an exogenous spiked compound.,"To generate the light reference mixture, fractions 6–65 were pooled and spiked equally into each of the corresponding medium/heavy fractions"
PMC7294662,Temperature,37 °C,False,,True,True,False,HeLa cells were cultured ... at 37 °C.,OK,
PMC7294662,Time,4 h,False,,True,True,False,"For shotgun proteomic analysis, ~ 1.0 × 107 cells were harvested from control (light), 4 h IFNβ stimulation (medium)",OK,
PMC7294662,Time,24 h,False,,True,True,False,"For shotgun proteomic analysis, ... 24 h IFNβ stimulation (heavy).",OK,
PMC7294662,Treatment,IFNβ stimulation,False,,True,True,False,stimulated with 1000 U/mL of human recombinant IFNβ (R&D Systems),OK,
PMC7294662,CellLine,MISSING,False,,False,False,False,THP-1 cells were cultured in RPMI-1640 medium supplemented with 10% FBS,Not extracted — present in source text,THP-1
PMC7294662,FlowRateChromatogram,MISSING,False,,False,False,False,The analysis was performed at 250 nL/min over 180 min,Not extracted — present in source text,250 nL/min
PMC7294662,GradientTime,MISSING,False,,False,False,False,"Standard 90-min gradients were from 0% B to 35% B over 90 min, then to 100% B over 2 min",Not extracted — present in source text,2 min
PMC7294662,GradientTime,MISSING,False,,False,False,False,"then to 90% B over 2 min, held at 90% B for 13 min.",Not extracted — present in source text,13 min
PMC7294662,GradientTime,MISSING,False,,False,False,False,then from 40 to 100% over 2 min and held at 100% B over 10 min.,Not extracted — present in source text,10 min
PMC7294662,GradientTime,MISSING,False,,False,False,False,held at 100% B for 15 min.,Not extracted — present in source text,15 min
PMC7294662,Label,MISSING,False,,False,False,False,"for “light” (“L”)-labeled cells, l-arginine (84 mg/L) and l-lysine (146 mg/L)",Not extracted — present in source text,"“light” (“L”)-labeled cells, l-arginine (84 mg/L) and l-lysine (146 mg/L)"
PMC7294662,Label,MISSING,False,,False,False,False,"for “medium” (“M”)-labeled cells, 13C6-l-arginine (87 mg/L) and D4-l-lysine (150 mg/L)",Not extracted — present in source text,"“medium” (“M”)-labeled cells, 13C6-l-arginine (87 mg/L) and D4-l-lysine (150 mg/L)"
PMC7294662,Label,MISSING,False,,False,False,False,"for “heavy” (“H”)-labeled cells, 13C615N4-l-arginine (89 mg/L) and 13C615N2-l-lysine (154 mg/L)",Not extracted — present in source text,"“heavy” (“H”)-labeled cells, 13C615N4-l-arginine (89 mg/L) and 13C615N2-l-lysine (154 mg/L)"
PMC7294662,Treatment,MISSING,False,,False,False,False,"We identify > 26,000 protein interactions in IFN-stimulated and unstimulated cells",Not extracted — present in source text,unstimulated
PMC7367873,AcquisitionMethod,data-dependent acquisition,False,,True,True,False,"The Fusion Lumos was operated in positive ionization mode and data-dependent acquisition (DDA), automatically switching between MS1, MS2, and MS3 spectrum acquisition.",OK,
PMC7367873,AlkylationReagent,chloroacetamide,False,,True,True,False,"Treated lysates were reduced (10 mM DTT, 30 °C, 30 min) and alkylated (50 mM chloroacetamide, room temperature, 30 min, in the dark)",OK,
PMC7367873,CellLine,HeLa Kyoto,False,,True,True,False,HeLa Kyoto cells were obtained from the BIOSS Signalling Factory cell line repository (University of Freiburg),OK,
PMC7367873,CleavageAgent,Trypsin/P,False,,True,True,False,Trypsin (Trypsin/P) was specified as the proteolytic enzyme with up to two allowed missed cleavage sites.,OK,
PMC7367873,CollisionEnergy,normalized collision energy was 32,False,,True,True,False,Fragmentation was triggered for the top 10 peaks ... (normalized collision energy was 32),OK,
PMC7367873,CollisionEnergy,35% normalized collision energy (NCE),False,,True,True,False,fragmented by collision-induced dissociation (CID) using 35% normalized collision energy (NCE),OK,
PMC7367873,CollisionEnergy,55% NCE,False,,True,True,False,These ions were fragmented by higher-energy collision-induced dissociation (HCD) at 55% NCE,OK,
PMC7367873,CollisionEnergy,30% normalized collision energy (NCE),False,,True,True,False,fragmented by high-energy collision-induced dissociation (HCD) using 30% normalized collision energy (NCE),OK,
PMC7367873,Compound,20 nM Calyculin A,False,,True,True,False,"For phosphoproteomics, HeLa Kyoto cells were incubated with 20 nM Calyculin A (CST, #9902) for 10–15 min.",OK (contains concentration but still correctly identifies the compound).,
PMC7367873,Compound,1 µM recombinant phosphatase,True,Treatment,True,False,False,Supernatants were then subjected to incubation with 1 µM recombinant phosphatase or buffer for 1 h at 30 °C.,"Type mismatch: this is an enzymatic treatment (recombinant phosphatase), not a small-molecule compound; also it omits which phosphatase (PP1c vs PP2Ac).",incubated with recombinant PP1c/PP2Ac or buffer at a final phosphatase concentration of 1 µM
PMC7367873,Compound,EGF 100 ng/mL,False,,True,True,False,Cells were treated after frame 3 by adding ... with 300 ng/mL EGF (Gibco) ... resulting in final concentrations of 100 ng/mL for EGF,OK (contains concentration but still correctly identifies the compound EGF).,
PMC7367873,Compound,PDP(m)-Nal 50 µM,False,,True,True,False,Cells were treated ... with ... 150 µM PDP(m)-Nal resulting in final concentrations of ... 50 µM for PDPs.,OK (contains concentration but still correctly identifies the compound).,
PMC7367873,EnrichmentMethod,Phosphopeptides were enriched from the desalted and labeled digests (approximately 1.5 mg) using Fe-IMAC,False,,True,True,False,Phosphopeptides were enriched from the desalted and labeled digests (approximately 1.5 mg) using Fe-IMAC.,OK (Fe-IMAC phosphopeptide enrichment).,
PMC7367873,EnrichmentMethod,immunoprecipitation using α-GFP nanobodies covalently coupled to agarose beads,False,,True,True,False,"Next, we subjected samples to immunoprecipitation using α-GFP nanobodies covalently coupled to agarose beads",OK (affinity enrichment / IP before MS).,
PMC7367873,FlowRateChromatogram,0.3 µL/min,False,,True,True,False,elution was performed with a constant flow of 0.3 µL/min using 120 min analysis time,OK,
PMC7367873,FlowRateChromatogram,5 µL/min,False,,True,True,False,washed using 0.1% FA at a flow rate of 5 µL/min for 10 min.,OK,
PMC7367873,FlowRateChromatogram,30 µL/min,False,,True,True,False,After loading the peptides onto the trapping cartridge (30 µL/min of solvent A for 3 min),OK,
PMC7367873,FractionIdentifier,The 5 and 50% ACN fractions,False,,True,False,False,"After re-application of the flow-through, bound peptides were eluted using 40 µL of solvent with increasing concentrations of ACN (5, 10, 15, 17.5, 50% ACN) ... The 5 and 50% ACN fractions were pooled",Incomplete: the fraction scheme includes multiple fraction steps (5/10/15/17.5/50% ACN) and pooling/combining rules beyond just the 5% and 50% fractions.,"increasing concentrations of ACN (5, 10, 15, 17.5, 50% ACN)"
PMC7367873,FractionationMethod,SEC,False,,True,True,False,"For LC-MS analysis, the treated/ctrl peptide libraries were purified by SEC.",OK,
PMC7367873,FractionationMethod,High-pH RP tip fractionation,False,,True,True,False,"First, TMT labeling and high pH RP tip fractionation of phosphoproteomes was performed",OK,
PMC7367873,FragmentMassTolerance,0.05 Da for MS/MS tolerance,False,,True,True,False,"Search parameters: None, missed cleavages 6, peptide tolerance 10 ppm, 0.05 Da for MS/MS tolerance.",OK,
PMC7367873,FragmentationMethod,collision-induced dissociation (CID),False,,True,True,False,fragmented by collision-induced dissociation (CID) using 35% normalized collision energy (NCE),OK,
PMC7367873,FragmentationMethod,higher-energy collision-induced dissociation (HCD),False,,True,True,False,These ions were fragmented by higher-energy collision-induced dissociation (HCD) at 55% NCE,OK,
PMC7367873,GeneticModification,pCMV-GAB2-3Flag,False,,True,True,False,"For pCMV-GAB2-3Flag, 3Flag was amplified ...",OK,
PMC7367873,GeneticModification,pTXB1-His-TEV-PP1α-intein,False,,True,True,False,pTXB1-His-TEV-PP1α-intein was expressed in E.coli BL21Star(DE3)pRARE,OK,
PMC7367873,GradientTime,120 min analysis time,False,,True,True,False,elution was performed with a constant flow of 0.3 µL/min using 120 min analysis time,OK,
PMC7367873,GradientTime,a 90 min linear gradient from 4% to 32% LC solvent B,False,,True,True,False,separated using a 90 min linear gradient from 4% to 32% LC solvent B,OK,
PMC7367873,GradientTime,a 60 min linear gradient from 4% to 32% LC solvent B,False,,True,True,False,separated using a 60 min linear gradient from 4% to 32% LC solvent B,OK,
PMC7367873,Instrument,Q Exactive Plus mass spectrometer (Thermo Fisher Scientific),False,,True,True,False,The LC system was directly coupled to a Q Exactive Plus mass spectrometer (Thermo Fisher Scientific),OK,
PMC7367873,Instrument,Fusion Lumos Tribrid mass spectrometer (Thermo Fisher Scientific),False,,True,True,False,LC-MS/MS measurements ... coupled online to a Fusion Lumos Tribrid mass spectrometer (Thermo Fisher Scientific).,OK,
PMC7367873,IonizationType,Nanospray-Flex ion source,False,,True,True,False,using a Nanospray-Flex ion source,OK (nano-ESI source).,
PMC7367873,Label,TMT-6plex,False,,True,True,False,"First, TMT labeling ... The different experimental conditions were distributed within a TMT-6plex experiment",OK,
PMC7367873,Label,LFQ,False,,True,True,False,Peptide and protein identification and LFQ were performed using MaxQuant software,OK (corresponds to label-free quantification).,
PMC7367873,MaterialType,cell line,False,,True,True,False,HeLa Kyoto cells were obtained ... Caco-2 BBe1 cells ... and SW-480 cells ... Cells were cultured ...,OK,
PMC7367873,Modification,"phosphorylation on S, T, and Y",False,,True,True,False,"phosphorylation on S, T, and Y ... were specified as variable modification.",OK,
PMC7367873,Modification,Oxidation of methionine,False,,True,True,False,"Oxidation of methionine and N-terminal protein acetylation as well as phosphorylation on S, T, and Y",OK,
PMC7367873,Modification,N-terminal protein acetylation,False,,True,True,False,Oxidation of methionine and N-terminal protein acetylation,OK,
PMC7367873,Modification,Carbamidomethylation on cysteines,False,,True,True,False,Carbamidomethylation on cysteines was specified as a fixed modification.,OK,
PMC7367873,NumberOfBiologicalReplicates,3,False,,True,True,False,The experiment was carried out in three independent replicates.,OK,
PMC7367873,NumberOfFractions,a total of four fractions,False,,True,True,False,"resulting in a total of four fractions, which were dried and stored at −20 °C until LC-MS/MS measurement.",OK,
PMC7367873,NumberOfMissedCleavages,6,False,,True,True,False,"Search parameters: None, missed cleavages 6, peptide tolerance 10 ppm",OK,
PMC7367873,NumberOfMissedCleavages,two,False,,True,True,False,Trypsin (Trypsin/P) was specified as the proteolytic enzyme with up to two allowed missed cleavage sites.,OK,
PMC7367873,NumberOfTechnicalReplicates,two technical data points,False,,True,True,False,Error bars ... correspond to s.e.m of independent triplicates with two technical data points each.,OK,
PMC7367873,Organism,Homo sapiens,False,,True,True,False,"Swissprot reference database (human proteins only, 20193 entries",OK,
PMC7367873,PooledSample,pooled,False,,True,False,False,"126—untreated; 127—PP1 treated; 128—PP2A treated; (129—condition 3, not included in analysis; 130—pooled sample, not included in analysis; 131—empty).","Incomplete: pooling is mentioned specifically as a distinct 'pooled sample' (TMT channel 130), but the extracted value is too generic.",pooled sample
PMC7367873,PrecursorMassTolerance,peptide tolerance 10 ppm,False,,True,True,False,"Search parameters: None, missed cleavages 6, peptide tolerance 10 ppm",OK,
PMC7367873,ReductionReagent,dithiothreitol,False,,True,True,False,"Treated lysates were reduced (10 mM DTT, 30 °C, 30 min)",OK,
PMC7367873,Separation,"trapping cartridge (Precolumn C18 PepMap 100, 5 µm, 300 µm i.d. size-exclusion chromatography 5 mm, 100 Å)",False,,True,True,False,"equipped with a trapping cartridge (Precolumn C18 PepMap 100, 5 µm, 300 µm i.d. size-exclusion chromatography 5 mm, 100 Å)",OK,
PMC7367873,Separation,"analytical column (Waters nanoEase HSS C18 T3, 75 µm × 25 cm, 1.8 µm, 100 Å)",False,,True,True,False,"an analytical column (Waters nanoEase HSS C18 T3, 75 µm × 25 cm, 1.8 µm, 100 Å)",OK,
PMC7367873,Separation,"trap column (75 µm × 2 cm, packed in-house with 5 µm C18 resin; Reprosil PUR AQ, Dr. Maisch, Ammerbruch-Entringen, Germany)",False,,True,True,False,"Peptides were delivered to a trap column (75 µm × 2 cm, packed in-house with 5 µm C18 resin; Reprosil PUR AQ, Dr. Maisch, Ammerbruch-Entringen, Germany)",OK,
PMC7367873,Temperature,37 °C,False,,True,True,False,Cells were cultured at 37 °C in a humidified incubator under 5% CO2.,OK,
PMC7367873,Time,10–15 min,False,,True,True,False,HeLa Kyoto cells were incubated with 20 nM Calyculin A ... for 10–15 min.,OK,
PMC7367873,Time,12 min,False,,True,True,False,"HeLa Kyoto cells expressing transiently transfected pEGFP(C1)-14-3-3β or pEGFP(C1) control plasmid, were incubated with 20 nM Calyculin A ... for 12 min.",OK,
PMC7367873,Treatment,PP1 treated,False,,True,True,False,126—untreated; 127—PP1 treated; 128—PP2A treated;,OK,
PMC7367873,Treatment,PP2A treated,False,,True,True,False,126—untreated; 127—PP1 treated; 128—PP2A treated;,OK,
PMC7367873,Treatment,MISSING,False,,False,False,False,126—untreated; 127—PP1 treated; 128—PP2A treated;,Not extracted — present in source text,untreated
PMC7367873,FlowRateChromatogram,MISSING,False,,False,False,False,the sample was loaded onto a pre-equilibrated Superdex Peptide 10/300 GL column (GE Healthcare) with a flow rate of 0.5 mL/min,Not extracted — present in source text,0.5 mL/min
PMC7367873,FlowRateChromatogram,MISSING,False,,False,False,False,loaded onto a Superdex 200 Increase 10/300 column ... with a flow rate of 0.25 mL/min,Not extracted — present in source text,0.25 mL/min
PMC7921882,AcquisitionMethod,top 12 method,False,,True,True,False,Peptide fragmentation/identification was done with a top 12 method and a normalized fragmentation energy at 27%.,OK,
PMC7921882,AlkylationReagent,iodoacetamide,False,,True,True,False,"Samples were then reduced with dithiothreitol (DTT) at 60 °C for 1 h, alkylated with iodoacetamide for 1 h at room temperature (RT) and digested with MS-grade trypsin at 37 °C",OK,
PMC7921882,CleavageAgent,MS-grade trypsin,False,,True,True,False,"Samples were then reduced with dithiothreitol (DTT) at 60 °C for 1 h, alkylated with iodoacetamide for 1 h at room temperature (RT) and digested with MS-grade trypsin at 37 °C",OK,
PMC7921882,CollisionEnergy,normalized fragmentation energy at 27%,False,,True,True,False,Peptide fragmentation/identification was done with a top 12 method and a normalized fragmentation energy at 27%.,OK,
PMC7921882,Disease,house dust mite allergic individuals,False,,True,True,False,"Blots were then either incubated with 1:10 diluted serum pools of house dust mite allergic individuals, with different dilutions of mouse monoclonal IgG antibodies",OK,
PMC7921882,EnrichmentMethod,peptides were enriched and desalted using 100 μl Pierce C18 Tips (Thermo Fisher Scientific),False,,True,True,False,"After centrifugation, peptides were enriched and desalted using 100 μl Pierce C18 Tips (Thermo Fisher Scientific).",OK,
PMC7921882,FlowRateChromatogram,300 nl/min,False,,True,True,False,5–45% B in 120 min) at a flow rate of 300 nl/min at 55 °C.,OK,
PMC7921882,GradientTime,5–45% B in 120 min,False,,True,True,False,"The column (Acclaim PepMap RSLC C18, 75 μm × 15 cm, Dionex, Thermo Fisher Scientific) was developed with an acetonitrile gradient (Solvent A: 0.1% (v/v) formic acid; solvent B: 0.1% (v/v) formic acid/90% (v/v) acetonitrile; 5–45% B in 120 min) at a flow rate of 300 nl/min at 55 °C.",OK,
PMC7921882,Instrument,Q Exactive Orbitrap mass spectrometer (Thermo Fisher Scientific),False,,True,True,False,"Desalted peptides resulting from the tryptic digests were separated by reverse-phase nano-HPLC (Dionex Ultimate 3000, Thermo Fisher Scientific, Bremen, Germany), directly coupled via nano electrospray to a Q Exactive Orbitrap mass spectrometer (Thermo Fisher Scientific).",OK,
PMC7921882,IonizationType,nano electrospray,False,,True,True,False,"Desalted peptides resulting from the tryptic digests were separated by reverse-phase nano-HPLC (Dionex Ultimate 3000, Thermo Fisher Scientific, Bremen, Germany), directly coupled via nano electrospray to a Q Exactive Orbitrap mass spectrometer (Thermo Fisher Scientific).",OK,
PMC7921882,Modification,carbamidomethylation (C),False,,True,True,False,"Fixed modification: carbamidomethylation (C), variable modifications: deamidation (NQ), oxidation (M).",OK,
PMC7921882,Modification,deamidation (NQ),False,,True,True,False,"Fixed modification: carbamidomethylation (C), variable modifications: deamidation (NQ), oxidation (M).",OK,
PMC7921882,Modification,oxidation (M),False,,True,True,False,"Fixed modification: carbamidomethylation (C), variable modifications: deamidation (NQ), oxidation (M).",OK,
PMC7921882,NumberOfSamples,16,False,,True,True,False,"SDS-PAGE, immunoblots and high-resolution mass spectrometric analysis was performed with 16 house dust mite (HDM) SPT solutions and AVs from 3 Indian manufacturers.",OK,
PMC7921882,NumberOfTechnicalReplicates,4 to 6 independent experiments for each sample,False,,True,True,False,Data presented here were based on 4 to 6 independent experiments for each sample.,OK,
PMC7921882,Organism,Dermatophagoides pteronyssinus,False,,True,True,False,"From the 5 Indian Dermatophagoides pteronyssinus products, none contained proteins from this source.",OK,
PMC7921882,Organism,Dermatophagoides farinae,False,,True,True,False,"Instead, 1 sample contained Dermatophagoides farinae and human serum proteins",OK,
PMC7921882,Organism,Blomia tropicalis,False,,True,True,False,"As reference for B. tropicalis, an in-house produced B. tropicalis extract was used (ref-BT).",OK,
PMC7921882,Organism,Suidasia medanensis,False,,True,True,False,"4 products contained allergens from the storage mite Suidasia medanensis, allergens from the legume Cicer arietinum (chickpea), and proteins from baker's yeast.",OK,
PMC7921882,Organism,Cicer arietinum,False,,True,True,False,"4 products contained allergens from the storage mite Suidasia medanensis, allergens from the legume Cicer arietinum (chickpea), and proteins from baker's yeast.",OK,
PMC7921882,Organism,baker's yeast,False,,True,True,False,"4 products contained allergens from the storage mite Suidasia medanensis, allergens from the legume Cicer arietinum (chickpea), and proteins from baker's yeast.",OK,
PMC7921882,PooledSample,pooled,False,,False,False,False,Blots were then either incubated with 1:10 diluted serum pools of house dust mite allergic individuals,"The paper mentions pooled sera (“serum pools”), but the extracted value “pooled” is too generic and not stated verbatim as a sample pooling descriptor for the MS samples.",serum pools
PMC7921882,ReductionReagent,dithiothreitol (DTT),False,,True,True,False,Samples were then reduced with dithiothreitol (DTT) at 60 °C for 1 h,OK,
PMC7921882,Separation,"reverse-phase nano-HPLC (Dionex Ultimate 3000, Thermo Fisher Scientific, Bremen, Germany), directly coupled via nano electrospray to a Q Exactive Orbitrap mass spectrometer (Thermo Fisher Scientific)",False,,True,True,False,"Desalted peptides resulting from the tryptic digests were separated by reverse-phase nano-HPLC (Dionex Ultimate 3000, Thermo Fisher Scientific, Bremen, Germany), directly coupled via nano electrospray to a Q Exactive Orbitrap mass spectrometer (Thermo Fisher Scientific).",OK,
PMC7921882,Separation,"The column (Acclaim PepMap RSLC C18, 75 μm × 15 cm, Dionex, Thermo Fisher Scientific) was developed with an acetonitrile gradient",False,,True,True,False,"The column (Acclaim PepMap RSLC C18, 75 μm × 15 cm, Dionex, Thermo Fisher Scientific) was developed with an acetonitrile gradient",OK,
PMC8698288,AcquisitionMethod,data-dependent (dd) positive acquisition mode,False,,True,True,False,"The mass spectrometer was operated in data-dependent (dd) positive acquisition mode, alternating between a full scan (m/z 380–1580) and subsequent HCD MS/MS of the 10 most intense peaks from the full scan (normalized collision energy of 27%).",OK,
PMC8698288,Bait,FLAG-BirA*-MOB1,False,,True,True,False,"To achieve this for TgMOB1, freshly egressed 2 × 107 FLAG-BirA* or FLAG-BirA*-MOB1 tachyzoites were inoculated onto HFF confluent cells in T-75 flasks in DMEM GlutaMAX™ 1% FBS.",OK,
PMC8698288,CellLine,"HFF-1 (SCRC-1041; ATCC, Manassas, VA, USA)",False,,True,True,False,"The cell line HFF-1 (SCRC-1041; ATCC, Manassas, VA, USA) was grown in Dulbecco’s Modified Eagle Medium (DMEM) with GlutaMAX Supplement (Gibco; Invitrogen; Thermo Fisher Scientific, Inc., Waltham, MA, USA) supplemented with 10% heat-inactivated fetal bovine serum (FBS; Gibco; Invitrogen; Thermo Fisher Scientific, Inc., Waltham, MA, USA).",OK,
PMC8698288,CleavageAgent,Trypsin/LysC,False,,True,True,False,Enzymatic digestion was performed with Trypsin/LysC (2 µg) overnight at 37 °C at 1000 rpm.,OK,
PMC8698288,CollisionEnergy,normalized collision energy of 27%,False,,True,True,False,"The mass spectrometer was operated in data-dependent (dd) positive acquisition mode, alternating between a full scan (m/z 380–1580) and subsequent HCD MS/MS of the 10 most intense peaks from the full scan (normalized collision energy of 27%).",OK,
PMC8698288,Compound,biotin 150 µM,False,,True,True,False,"Following 14 h of host cell infection, biotin was added for a final concentration of 150 µM and incubated for 56 h.","OK (contains both compound name and concentration, but the compound is correctly identified as biotin)",
PMC8698288,EnrichmentMethod,The BioID method employs proximity-dependent biotin labeling,False,,True,False,False,"The BioID method employs proximity-dependent biotin labeling, allowing for the identification of interacting and neighboring proteins in their native cellular environment by proximity labeling, and enabling the identification of the proximity interactome, including stable and dynamic interactions.",Incomplete for EnrichmentMethod: this describes proximity biotin labeling (BioID) but not the actual enrichment/purification step used before MS.,"The protein extracts were incubated with agarose-streptavidin beads overnight at 18 °C using an orbital shaker at 45 rpm (GyroTwister; Labnet, Edison, NJ, USA)."
PMC8698288,EnrichmentMethod,incubated with agarose-streptavidin beads overnight at 18 °C,False,,True,True,False,"The protein extracts were incubated with agarose-streptavidin beads overnight at 18 °C using an orbital shaker at 45 rpm (GyroTwister; Labnet, Edison, NJ, USA).",OK,
PMC8698288,FlowRateChromatogram,250 nl/min,False,,True,True,False,"After 3 min of loading, the trap column was switched in-line to a 50 cm by 75 μm inner diameter EASY-Spray column (ES803, PepMap RSLC, C18, 2 μm; Thermo Fisher Scientific, Inc., Waltham, MA, USA) at 250 nl/min.",OK,
PMC8698288,FragmentMassTolerance,0.02 Da,False,,True,True,False,The ion mass tolerance was 10 ppm for precursor ions and 0.02 Da for fragment ions.,OK,
PMC8698288,FragmentationMethod,HCD MS/MS,False,,True,True,False,"The mass spectrometer was operated in data-dependent (dd) positive acquisition mode, alternating between a full scan (m/z 380–1580) and subsequent HCD MS/MS of the 10 most intense peaks from the full scan (normalized collision energy of 27%).",OK,
PMC8698288,GradientTime,"5 min (2.5% B to 10% B), 120 min (10% B to 30% B), 20 min (30% B to 50% B), 5 min (50% B to 99% B) and 10 min (hold 99% B)",False,,True,True,False,"Separation was generated by mixing A: 0.1% FA and B: 80% ACN, with the following gradients: 5 min (2.5% B to 10% B), 120 min (10% B to 30% B), 20 min (30% B to 50% B), 5 min (50% B to 99% B) and 10 min (hold 99% B).",OK,
PMC8698288,Instrument,Q-Exactive Hybrid Quadrupole-Orbitrap mass spectrometer,False,,True,True,False,"This equipment is composed of an Ultimate 3000 liquid chromatography system coupled to a Q-Exactive Hybrid Quadrupole-Orbitrap mass spectrometer (Thermo Fisher Scientific, Inc., Waltham, MA, USA).",OK,
PMC8698288,IonizationType,ESI,False,,True,True,False,ESI spray voltage was 1.9 kV.,OK,
PMC8698288,Label,label-free quantitation,False,,True,True,False,Protein label-free quantitation was performed with the Minora feature detector node at the processing step.,OK,
PMC8698288,MaterialType,cells,False,,True,True,False,"To achieve this for TgMOB1, freshly egressed 2 × 107 FLAG-BirA* or FLAG-BirA*-MOB1 tachyzoites were inoculated onto HFF confluent cells in T-75 flasks in DMEM GlutaMAX™ 1% FBS.",OK,
PMC8698288,Modification,Cysteine carbamidomethylation,False,,True,True,False,Cysteine carbamidomethylation was defined as constant modification.,OK,
PMC8698288,Modification,Methionine oxidation,False,,True,True,False,Methionine oxidation and protein N-terminus acetylation were defined as variable modifications.,OK,
PMC8698288,Modification,protein N-terminus acetylation,False,,True,True,False,Methionine oxidation and protein N-terminus acetylation were defined as variable modifications.,OK,
PMC8698288,NumberOfBiologicalReplicates,3,False,,True,True,False,"The raw data were obtained from three biological replicates for each strain, were processed using Proteome Discoverer 2.4.0.305 software (Thermo Fisher Scientific, Inc., Waltham, MA, USA), and searched against the ToxoDB-46_TgondiiME49 database.",OK,
PMC8698288,NumberOfMissedCleavages,2,False,,True,True,False,The maximum allowed missing cleavage sites was set to 2.,OK,
PMC8698288,Organism,Toxoplasma gondii,False,,True,True,False,"Monopolar spindle One Binder1 (MOB1) proteins regulate key cellular functions, namely cell multiplication and cell division. The unicellular parasite Toxoplasma gondii transitions between several morphological stages, with the need to control the number of parasites in its cellular environment.",OK,
PMC8698288,OrganismPart,tachyzoites,False,,True,True,False,"To achieve this for TgMOB1, freshly egressed 2 × 107 FLAG-BirA* or FLAG-BirA*-MOB1 tachyzoites were inoculated onto HFF confluent cells in T-75 flasks in DMEM GlutaMAX™ 1% FBS.",OK,
PMC8698288,PrecursorMassTolerance,10 ppm,False,,True,True,False,The ion mass tolerance was 10 ppm for precursor ions and 0.02 Da for fragment ions.,OK,
PMC8698288,Separation,"a trapping cartridge (Acclaim PepMap C18 100 Å, 5 mm × 300 µm i.d., 160454; Thermo Fisher Scientific, Inc., Waltham, MA, USA)",False,,True,True,False,"Samples were loaded onto a trapping cartridge (Acclaim PepMap C18 100 Å, 5 mm × 300 µm i.d., 160454; Thermo Fisher Scientific, Inc., Waltham, MA, USA) in a mobile phase of 2% ACN and 0.1% FA at 10 µL/min.",OK,
PMC8698288,Separation,"a 50 cm by 75 μm inner diameter EASY-Spray column (ES803, PepMap RSLC, C18, 2 μm; Thermo Fisher Scientific, Inc., Waltham, MA, USA)",False,,True,True,False,"After 3 min of loading, the trap column was switched in-line to a 50 cm by 75 μm inner diameter EASY-Spray column (ES803, PepMap RSLC, C18, 2 μm; Thermo Fisher Scientific, Inc., Waltham, MA, USA) at 250 nl/min.",OK,
PMC8698288,Strain,FLAG-BirA*,False,,True,True,False,"To achieve this for TgMOB1, freshly egressed 2 × 107 FLAG-BirA* or FLAG-BirA*-MOB1 tachyzoites were inoculated onto HFF confluent cells in T-75 flasks in DMEM GlutaMAX™ 1% FBS.",OK,
PMC8698288,Strain,FLAG-BirA*-MOB1,False,,True,True,False,"To achieve this for TgMOB1, freshly egressed 2 × 107 FLAG-BirA* or FLAG-BirA*-MOB1 tachyzoites were inoculated onto HFF confluent cells in T-75 flasks in DMEM GlutaMAX™ 1% FBS.",OK,
PMC8698288,FlowRateChromatogram,MISSING,False,,False,False,False,"Samples were loaded onto a trapping cartridge (Acclaim PepMap C18 100 Å, 5 mm × 300 µm i.d., 160454; Thermo Fisher Scientific, Inc., Waltham, MA, USA) in a mobile phase of 2% ACN and 0.1% FA at 10 µL/min.",Not extracted — present in source text,10 µL/min
